Threads,PlanTime(sec)
1,0.000141
2,0.000200
3,0.000239
4,0.000243
5,0.000296
6,0.000320
7,0.000353
8,0.000347
9,0.000600
10,0.000606
11,0.000451
12,0.000706
13,0.000725
14,0.000728
15,0.000733
16,0.000557
17,0.000846
18,0.000865
19,0.000846
20,0.000853
21,0.000864
22,0.000890
23,0.000866
24,0.000885
25,0.000902
26,0.000892
27,0.000902
28,0.000911
29,0.000912
30,0.000915
31,0.000921
32,0.000825
33,0.001777
34,0.001814
35,0.001492
36,0.001488
37,0.001510
38,0.001509
39,0.001916
40,0.001492
